{"cameraMode":{"drawMode":0,"name":"Shaded","section":"Shading Mode"},"sceneLighting":false,"audioPlay":false,"sceneViewState":{"m_AlwaysRefresh":false,"showFog":true,"showSkybox":false,"showFlares":true,"showImageEffects":true,"showParticleSystems":true,"showVisualEffectGraphs":true,"m_FxEnabled":true},"in2DMode":false,"pivot":{"x":0.09000015258789063,"y":0.10918045043945313,"z":-0.00299835205078125},"rotation":{"x":0.08230876922607422,"y":0.08679380267858505,"z":-0.008502018637955189,"w":0.9930185675621033},"size":3.8825180530548097,"orthographic":false}