{"cameraMode":{"drawMode":0,"name":"Shaded","section":"Shading Mode"},"sceneLighting":true,"audioPlay":false,"sceneViewState":{"m_AlwaysRefresh":false,"showFog":true,"showSkybox":false,"showFlares":true,"showImageEffects":true,"showParticleSystems":true,"showVisualEffectGraphs":true,"m_FxEnabled":true},"in2DMode":false,"pivot":{"x":0.1992781162261963,"y":0.19999992847442628,"z":0.7130504846572876},"rotation":{"x":-0.13444951176643372,"y":-0.06454841047525406,"z":0.016999149695038797,"w":-0.9894099831581116},"size":1.2297559976577759,"orthographic":false}