{"cameraMode":{"drawMode":0,"name":"Shaded","section":"Shading Mode"},"sceneLighting":true,"audioPlay":false,"sceneViewState":{"m_AlwaysRefresh":false,"showFog":true,"showSkybox":true,"showFlares":true,"showImageEffects":true,"showParticleSystems":true,"showVisualEffectGraphs":true,"m_FxEnabled":true},"in2DMode":false,"pivot":{"x":-3.314391613006592,"y":2.8796446323394777,"z":20.842754364013673},"rotation":{"x":0.0051036919467151169,"y":-0.04351773485541344,"z":-0.00002084798143187072,"w":-0.9991205930709839},"size":6.445502281188965,"orthographic":false}