{"cameraMode":{"drawMode":0,"name":"Shaded","section":"Shading Mode"},"sceneLighting":true,"audioPlay":false,"sceneViewState":{"m_AlwaysRefresh":false,"showFog":true,"showSkybox":true,"showFlares":true,"showImageEffects":true,"showParticleSystems":true,"showVisualEffectGraphs":true,"m_FxEnabled":true},"in2DMode":false,"pivot":{"x":1.6607542037963868,"y":1.4459471702575684,"z":-22.246017456054689},"rotation":{"x":0.16988396644592286,"y":-0.3570246994495392,"z":0.06536959111690521,"w":0.9164444804191589},"size":1.5656461715698243,"orthographic":false}