{"cameraMode":{"drawMode":0,"name":"Shaded","section":"Shading Mode"},"sceneLighting":false,"audioPlay":false,"sceneViewState":{"m_AlwaysRefresh":false,"showFog":true,"showSkybox":false,"showFlares":true,"showImageEffects":true,"showParticleSystems":true,"showVisualEffectGraphs":true,"m_FxEnabled":true},"in2DMode":false,"pivot":{"x":-19.81810188293457,"y":1.9533820152282715,"z":1.6707037687301636},"rotation":{"x":-0.003415847895666957,"y":-0.9952329993247986,"z":-0.03794262185692787,"w":0.09168703109025955},"size":1.9125988483428956,"orthographic":false}