{"cameraMode":{"drawMode":0,"name":"Shaded","section":"Shading Mode"},"sceneLighting":false,"audioPlay":false,"sceneViewState":{"m_AlwaysRefresh":false,"showFog":true,"showSkybox":false,"showFlares":true,"showImageEffects":true,"showParticleSystems":true,"showVisualEffectGraphs":true,"m_FxEnabled":true},"in2DMode":false,"pivot":{"x":0.22489190101623536,"y":0.30223366618156435,"z":0.009574174880981446},"rotation":{"x":-0.08662667870521546,"y":0.853520929813385,"z":-0.1502685546875,"w":-0.49169331789016726},"size":1.9626541137695313,"orthographic":false}