{"cameraMode":{"drawMode":0,"name":"Shaded","section":"Shading Mode"},"sceneLighting":false,"audioPlay":false,"sceneViewState":{"m_AlwaysRefresh":false,"showFog":true,"showSkybox":false,"showFlares":true,"showImageEffects":true,"showParticleSystems":true,"showVisualEffectGraphs":true,"m_FxEnabled":true},"in2DMode":false,"pivot":{"x":2.4778854846954347,"y":1.1354093551635743,"z":-21.753156661987306},"rotation":{"x":0.07414667308330536,"y":0.3039311468601227,"z":-0.03098617121577263,"w":0.9500230550765991},"size":1.8640809059143067,"orthographic":false}