{"cameraMode":{"drawMode":0,"name":"Shaded","section":"Shading Mode"},"sceneLighting":false,"audioPlay":false,"sceneViewState":{"m_AlwaysRefresh":false,"showFog":true,"showSkybox":false,"showFlares":true,"showImageEffects":true,"showParticleSystems":true,"showVisualEffectGraphs":true,"m_FxEnabled":true},"in2DMode":false,"pivot":{"x":0.0008482933044433594,"y":1.7272015810012818,"z":0.3944684863090515},"rotation":{"x":-0.0005206833593547344,"y":-0.9914562702178955,"z":0.13110722601413728,"w":-0.023898016661405565},"size":1.768370509147644,"orthographic":false}