{"cameraMode":{"drawMode":0,"name":"Shaded","section":"Shading Mode"},"sceneLighting":false,"audioPlay":false,"sceneViewState":{"m_AlwaysRefresh":false,"showFog":true,"showSkybox":false,"showFlares":true,"showImageEffects":true,"showParticleSystems":true,"showVisualEffectGraphs":true,"m_FxEnabled":true},"in2DMode":false,"pivot":{"x":-0.023811697959899904,"y":0.8992880582809448,"z":0.015694081783294679},"rotation":{"x":-0.002690058434382081,"y":0.9985770583152771,"z":-0.03591872379183769,"w":-0.04527554288506508},"size":2.7722723484039308,"orthographic":false}