{"cameraMode":{"drawMode":0,"name":"Shaded","section":"Shading Mode"},"sceneLighting":false,"audioPlay":false,"sceneViewState":{"m_AlwaysRefresh":false,"showFog":true,"showSkybox":false,"showFlares":true,"showImageEffects":true,"showParticleSystems":true,"showVisualEffectGraphs":true,"m_FxEnabled":true},"in2DMode":false,"pivot":{"x":-0.6700000166893005,"y":0.9689997434616089,"z":-8.379999160766602},"rotation":{"x":0.21273674070835114,"y":-0.31748920679092409,"z":0.07295100390911102,"w":0.9213751554489136},"size":1.9406620264053345,"orthographic":false}