{"cameraMode":{"drawMode":0,"name":"Shaded","section":"Shading Mode"},"sceneLighting":false,"audioPlay":false,"sceneViewState":{"m_AlwaysRefresh":false,"showFog":true,"showSkybox":false,"showFlares":true,"showImageEffects":true,"showParticleSystems":true,"showVisualEffectGraphs":true,"m_FxEnabled":true},"in2DMode":false,"pivot":{"x":-0.6700000166893005,"y":0.8399999737739563,"z":-8.359999656677246},"rotation":{"x":0.6580278873443604,"y":-0.006748565938323736,"z":-0.004886504728347063,"w":0.753879725933075},"size":0.9699487090110779,"orthographic":true}