{"cameraMode":{"drawMode":0,"name":"Shaded","section":"Shading Mode"},"sceneLighting":false,"audioPlay":false,"sceneViewState":{"m_AlwaysRefresh":false,"showFog":true,"showSkybox":false,"showFlares":true,"showImageEffects":true,"showParticleSystems":true,"showVisualEffectGraphs":true,"m_FxEnabled":true},"in2DMode":false,"pivot":{"x":-0.3821607232093811,"y":1.0065131187438965,"z":-0.027173995971679689},"rotation":{"x":-0.29561781883239748,"y":0.204191192984581,"z":-0.055180538445711139,"w":-0.9324055910110474},"size":3.4760074615478517,"orthographic":false}