{"cameraMode":{"drawMode":0,"name":"Shaded","section":"Shading Mode"},"sceneLighting":false,"audioPlay":false,"sceneViewState":{"m_AlwaysRefresh":false,"showFog":true,"showSkybox":false,"showFlares":true,"showImageEffects":true,"showParticleSystems":true,"showVisualEffectGraphs":true,"m_FxEnabled":true},"in2DMode":false,"pivot":{"x":0.02522718906402588,"y":1.9774096012115479,"z":0.026213228702545167},"rotation":{"x":0.03288393095135689,"y":0.9356927275657654,"z":-0.3395174443721771,"w":0.0928678959608078},"size":0.9015580415725708,"orthographic":false}