{"cameraMode":{"drawMode":0,"name":"Shaded","section":"Shading Mode"},"sceneLighting":false,"audioPlay":false,"sceneViewState":{"m_AlwaysRefresh":false,"showFog":true,"showSkybox":false,"showFlares":true,"showImageEffects":true,"showParticleSystems":true,"showVisualEffectGraphs":true,"m_FxEnabled":true},"in2DMode":false,"pivot":{"x":0.27205467224121096,"y":0.619999885559082,"z":-3.760000228881836},"rotation":{"x":-0.22898709774017335,"y":0.6550861597061157,"z":-0.20158465206623078,"w":-0.6924224495887756},"size":7.3969197273254398,"orthographic":true}