{"cameraMode":{"drawMode":0,"name":"Shaded","section":"Shading Mode"},"sceneLighting":false,"audioPlay":false,"sceneViewState":{"m_AlwaysRefresh":false,"showFog":true,"showSkybox":false,"showFlares":true,"showImageEffects":true,"showParticleSystems":true,"showVisualEffectGraphs":true,"m_FxEnabled":true},"in2DMode":false,"pivot":{"x":0.03731727600097656,"y":4.816699504852295,"z":0.42645788192749026},"rotation":{"x":-0.12421631813049317,"y":0.09565648436546326,"z":-0.012020448222756386,"w":-0.987733781337738},"size":8.119343757629395,"orthographic":false}