{"cameraMode":{"drawMode":0,"name":"Shaded","section":"Shading Mode"},"sceneLighting":false,"audioPlay":false,"sceneViewState":{"m_AlwaysRefresh":false,"showFog":true,"showSkybox":false,"showFlares":true,"showImageEffects":true,"showParticleSystems":true,"showVisualEffectGraphs":true,"m_FxEnabled":true},"in2DMode":false,"pivot":{"x":-5.960464477539063e-8,"y":0.8631883859634399,"z":0.26503610610961916},"rotation":{"x":0.0029242103919386865,"y":0.9903705716133118,"z":-0.13785843551158906,"w":0.020791620016098024},"size":1.7380387783050538,"orthographic":false}