{"cameraMode":{"drawMode":0,"name":"Shaded","section":"Shading Mode"},"sceneLighting":false,"audioPlay":false,"sceneViewState":{"m_AlwaysRefresh":false,"showFog":true,"showSkybox":false,"showFlares":true,"showImageEffects":true,"showParticleSystems":true,"showVisualEffectGraphs":true,"m_FxEnabled":true},"in2DMode":false,"pivot":{"x":0.05733466148376465,"y":0.770063042640686,"z":0.3195202350616455},"rotation":{"x":0.37598535418510439,"y":-0.2571718096733093,"z":0.10860064625740051,"w":0.8838435411453247},"size":1.3491698503494263,"orthographic":false}