{"cameraMode":{"drawMode":0,"name":"Shaded","section":"Shading Mode"},"sceneLighting":false,"audioPlay":false,"sceneViewState":{"m_AlwaysRefresh":false,"showFog":true,"showSkybox":false,"showFlares":true,"showImageEffects":true,"showParticleSystems":true,"showVisualEffectGraphs":true,"m_FxEnabled":true},"in2DMode":false,"pivot":{"x":0.08000001311302185,"y":0.45100000500679018,"z":0.009999990463256836},"rotation":{"x":0.33544135093688967,"y":0.24988743662834168,"z":-0.09426350891590119,"w":0.9036663770675659},"size":0.9633132815361023,"orthographic":false}