{"cameraMode":{"drawMode":0,"name":"Shaded","section":"Shading Mode"},"sceneLighting":false,"audioPlay":false,"sceneViewState":{"m_AlwaysRefresh":false,"showFog":true,"showSkybox":false,"showFlares":true,"showImageEffects":true,"showParticleSystems":true,"showVisualEffectGraphs":true,"m_FxEnabled":true},"in2DMode":false,"pivot":{"x":-7.8000030517578129,"y":-0.4399999976158142,"z":-4.099998474121094},"rotation":{"x":-0.12421631813049317,"y":0.09565648436546326,"z":-0.012020448222756386,"w":-0.987733781337738},"size":127.69989776611328,"orthographic":false}