{"cameraMode":{"drawMode":0,"name":"Shaded","section":"Shading Mode"},"sceneLighting":true,"audioPlay":false,"sceneViewState":{"m_AlwaysRefresh":false,"showFog":true,"showSkybox":false,"showFlares":true,"showImageEffects":true,"showParticleSystems":true,"showVisualEffectGraphs":true,"m_FxEnabled":true},"in2DMode":false,"pivot":{"x":0.9458826780319214,"y":0.15141642093658448,"z":-0.21837061643600465},"rotation":{"x":0.036775846034288409,"y":0.9627315998077393,"z":-0.18879805505275727,"w":0.19144409894943238},"size":1.6935843229293824,"orthographic":false}