{"cameraMode":{"drawMode":0,"name":"Shaded","section":"Shading Mode"},"sceneLighting":false,"audioPlay":false,"sceneViewState":{"m_AlwaysRefresh":false,"showFog":true,"showSkybox":false,"showFlares":true,"showImageEffects":true,"showParticleSystems":true,"showVisualEffectGraphs":true,"m_FxEnabled":true},"in2DMode":false,"pivot":{"x":0.5298986434936523,"y":8.636419296264649,"z":0.1546664834022522},"rotation":{"x":-0.06841661036014557,"y":0.22021514177322389,"z":-0.006163252051919699,"w":-0.973804771900177},"size":3.9356472492218019,"orthographic":false}