{"cameraMode":{"drawMode":0,"name":"Shaded","section":"Shading Mode"},"sceneLighting":false,"audioPlay":false,"sceneViewState":{"m_AlwaysRefresh":false,"showFog":true,"showSkybox":false,"showFlares":true,"showImageEffects":true,"showParticleSystems":true,"showVisualEffectGraphs":true,"m_FxEnabled":true},"in2DMode":false,"pivot":{"x":-0.0001837015151977539,"y":0.7058714032173157,"z":-0.04014629125595093},"rotation":{"x":0.12381954491138458,"y":-0.8749408721923828,"z":0.30441391468048098,"w":0.3560020625591278},"size":1.1275171041488648,"orthographic":false}