{"cameraMode":{"drawMode":0,"name":"Shaded","section":"Shading Mode"},"sceneLighting":false,"audioPlay":false,"sceneViewState":{"m_AlwaysRefresh":false,"showFog":true,"showSkybox":false,"showFlares":true,"showImageEffects":true,"showParticleSystems":true,"showVisualEffectGraphs":true,"m_FxEnabled":true},"in2DMode":false,"pivot":{"x":0.004797101020812988,"y":1.0101110935211182,"z":0.33241593837738039},"rotation":{"x":-0.007449411787092686,"y":-0.9898264408111572,"z":0.08605457097291947,"w":-0.1163225993514061},"size":2.148500919342041,"orthographic":false}