{"cameraMode":{"drawMode":0,"name":"Shaded","section":"Shading Mode"},"sceneLighting":false,"audioPlay":false,"sceneViewState":{"m_AlwaysRefresh":false,"showFog":true,"showSkybox":false,"showFlares":true,"showImageEffects":true,"showParticleSystems":true,"showVisualEffectGraphs":true,"m_FxEnabled":true},"in2DMode":false,"pivot":{"x":-5.960464477539063e-8,"y":0.9575859308242798,"z":0.26503610610961916},"rotation":{"x":-0.15033534169197083,"y":0.7552247643470764,"z":-0.18605764210224152,"w":-0.6104937791824341},"size":1.785546064376831,"orthographic":false}