{"cameraMode":{"drawMode":0,"name":"Shaded","section":"Shading Mode"},"sceneLighting":false,"audioPlay":false,"sceneViewState":{"m_AlwaysRefresh":false,"showFog":true,"showSkybox":false,"showFlares":true,"showImageEffects":true,"showParticleSystems":true,"showVisualEffectGraphs":true,"m_FxEnabled":true},"in2DMode":false,"pivot":{"x":-1.0150938034057618,"y":0.8621988296508789,"z":14.723932266235352},"rotation":{"x":0.33544135093688967,"y":0.24988743662834168,"z":-0.09426350891590119,"w":0.9036663770675659},"size":7.170571327209473,"orthographic":true}