{"cameraMode":{"drawMode":0,"name":"Shaded","section":"Shading Mode"},"sceneLighting":false,"audioPlay":false,"sceneViewState":{"m_AlwaysRefresh":false,"showFog":true,"showSkybox":false,"showFlares":true,"showImageEffects":true,"showParticleSystems":true,"showVisualEffectGraphs":true,"m_FxEnabled":true},"in2DMode":false,"pivot":{"x":0.02226439118385315,"y":0.7814799547195435,"z":0.4024534821510315},"rotation":{"x":0.00002101969948853366,"y":1.0000137090682984,"z":0.005689909681677818,"w":-0.0018318744841963053},"size":1.407075047492981,"orthographic":false}