{"cameraMode":{"drawMode":0,"name":"Shaded","section":"Shading Mode"},"sceneLighting":false,"audioPlay":false,"sceneViewState":{"m_AlwaysRefresh":false,"showFog":true,"showSkybox":false,"showFlares":true,"showImageEffects":true,"showParticleSystems":true,"showVisualEffectGraphs":true,"m_FxEnabled":true},"in2DMode":false,"pivot":{"x":-0.0020000655204057695,"y":4.625003814697266,"z":-0.13816507160663606},"rotation":{"x":0.011684934608638287,"y":0.726789653301239,"z":-0.014157429337501526,"w":0.6869544982910156},"size":7.1632890701293949,"orthographic":false}