{"cameraMode":{"drawMode":0,"name":"Shaded","section":"Shading Mode"},"sceneLighting":false,"audioPlay":false,"sceneViewState":{"m_AlwaysRefresh":false,"showFog":true,"showSkybox":false,"showFlares":true,"showImageEffects":true,"showParticleSystems":true,"showVisualEffectGraphs":true,"m_FxEnabled":true},"in2DMode":false,"pivot":{"x":-0.0020000655204057695,"y":4.625003814697266,"z":-0.13816507160663606},"rotation":{"x":0.1546294391155243,"y":0.6526972651481628,"z":-0.14033707976341248,"w":0.7285926342010498},"size":3.389500141143799,"orthographic":false}