{"cameraMode":{"drawMode":0,"name":"Shaded","section":"Shading Mode"},"sceneLighting":true,"audioPlay":false,"sceneViewState":{"m_AlwaysRefresh":false,"showFog":true,"showSkybox":false,"showFlares":true,"showImageEffects":true,"showParticleSystems":true,"showVisualEffectGraphs":true,"m_FxEnabled":true},"in2DMode":false,"pivot":{"x":14.569999694824219,"y":1.8000004291534424,"z":-4.09999942779541},"rotation":{"x":0.24449993669986726,"y":-0.11918973177671433,"z":0.027029959484934808,"w":0.9623743891716003},"size":4.942061901092529,"orthographic":false}