{"cameraMode":{"drawMode":0,"name":"Shaded","section":"Shading Mode"},"sceneLighting":false,"audioPlay":false,"sceneViewState":{"m_AlwaysRefresh":false,"showFog":true,"showSkybox":false,"showFlares":true,"showImageEffects":true,"showParticleSystems":true,"showVisualEffectGraphs":true,"m_FxEnabled":true},"in2DMode":false,"pivot":{"x":2.004999876022339,"y":0.363951176404953,"z":0.17000031471252442},"rotation":{"x":-0.01402084156870842,"y":-0.007457000203430653,"z":0.012136757373809815,"w":-1.0006498098373414},"size":6.643747806549072,"orthographic":true}