{"cameraMode":{"drawMode":0,"name":"Shaded","section":"Shading Mode"},"sceneLighting":false,"audioPlay":false,"sceneViewState":{"m_AlwaysRefresh":false,"showFog":true,"showSkybox":false,"showFlares":true,"showImageEffects":true,"showParticleSystems":true,"showVisualEffectGraphs":true,"m_FxEnabled":true},"in2DMode":false,"pivot":{"x":-1.4901161193847657e-7,"y":0.5035896301269531,"z":-3.725290298461914e-8},"rotation":{"x":0.008897049352526665,"y":0.9823607206344605,"z":-0.1805969923734665,"w":0.04833782836794853},"size":1.0378844738006592,"orthographic":false}